type,image,repeatability,algorithm
i,2,0.778076171875,disk
i,3,0.572509765625,disk
i,4,0.37109375,disk
i,5,0.373779296875,disk
i,6,0.4033203125,disk
i,2,0.448486328125,disk
i,3,0.283203125,disk
i,4,0.242919921875,disk
i,5,0.24951171875,disk
i,6,0.384033203125,disk
i,2,0.8304108216432866,disk
i,3,0.7760123013839056,disk
i,4,0.7627635255270511,disk
i,5,0.7595989239422842,disk
i,6,0.7584859584859585,disk
i,2,0.708251953125,disk
i,3,0.650146484375,disk
i,4,0.689453125,disk
i,5,0.72021484375,disk
i,6,0.705810546875,disk
i,2,0.724365234375,disk
i,3,0.5703125,disk
i,4,0.60107421875,disk
i,5,0.348876953125,disk
i,6,0.327880859375,disk
i,2,0.584228515625,disk
i,3,0.481201171875,disk
i,4,0.49658203125,disk
i,5,0.424560546875,disk
i,6,0.2265625,disk
i,2,0.610107421875,disk
i,3,0.322265625,disk
i,4,0.29736328125,disk
i,5,0.12353515625,disk
i,6,0.15966796875,disk
i,2,0.661376953125,disk
i,3,0.7119140625,disk
i,4,0.681396484375,disk
i,5,0.595947265625,disk
i,6,0.589111328125,disk
i,2,0.770751953125,disk
i,3,0.765869140625,disk
i,4,0.755859375,disk
i,5,0.7138671875,disk
i,6,0.659423828125,disk
i,2,0.310791015625,disk
i,3,0.391845703125,disk
i,4,0.532470703125,disk
i,5,0.56494140625,disk
i,6,0.35107421875,disk
i,2,0.71875,disk
i,3,0.312255859375,disk
i,4,0.324951171875,disk
i,5,0.323974609375,disk
i,6,0.451904296875,disk
i,2,0.90185546875,disk
i,3,0.83935546875,disk
i,4,0.79345703125,disk
i,5,0.7607421875,disk
i,6,0.71337890625,disk
i,2,0.83154296875,disk
i,3,0.737548828125,disk
i,4,0.532470703125,disk
i,5,0.5068359375,disk
i,6,0.57958984375,disk
i,2,0.743896484375,disk
i,3,0.610595703125,disk
i,4,0.59033203125,disk
i,5,0.4609375,disk
i,6,0.43994140625,disk
i,2,0.75634765625,disk
i,3,0.736572265625,disk
i,4,0.736572265625,disk
i,5,0.74072265625,disk
i,6,0.75732421875,disk
i,2,0.82568359375,disk
i,3,0.82958984375,disk
i,4,0.760986328125,disk
i,5,0.81103515625,disk
i,6,0.8056640625,disk
i,2,0.6796875,disk
i,3,0.7080078125,disk
i,4,0.662109375,disk
i,5,0.647705078125,disk
i,6,0.60205078125,disk
i,2,0.63720703125,disk
i,3,0.7861328125,disk
i,4,0.803466796875,disk
i,5,0.8193359375,disk
i,6,0.75537109375,disk
i,2,0.461181640625,disk
i,3,0.37451171875,disk
i,4,0.34130859375,disk
i,5,0.32861328125,disk
i,6,0.3037109375,disk
i,2,0.467529296875,disk
i,3,0.542236328125,disk
i,4,0.47509765625,disk
i,5,0.443359375,disk
i,6,0.545166015625,disk
i,2,0.83642578125,disk
i,3,0.697509765625,disk
i,4,0.6162109375,disk
i,5,0.6787109375,disk
i,6,0.603515625,disk
i,2,0.74267578125,disk
i,3,0.670166015625,disk
i,4,0.6083984375,disk
i,5,0.562744140625,disk
i,6,0.511962890625,disk
i,2,0.806640625,disk
i,3,0.76708984375,disk
i,4,0.719482421875,disk
i,5,0.586669921875,disk
i,6,0.3974609375,disk
i,2,0.626708984375,disk
i,3,0.625244140625,disk
i,4,0.479248046875,disk
i,5,0.501953125,disk
i,6,0.59375,disk
i,2,0.754150390625,disk
i,3,0.632080078125,disk
i,4,0.76025390625,disk
i,5,0.756591796875,disk
i,6,0.740966796875,disk
i,2,0.157958984375,disk
i,3,0.30322265625,disk
i,4,0.242431640625,disk
i,5,0.118408203125,disk
i,6,0.40478515625,disk
i,2,0.798095703125,disk
i,3,0.716064453125,disk
i,4,0.550537109375,disk
i,5,0.703125,disk
i,6,0.687255859375,disk
i,2,0.839111328125,disk
i,3,0.706298828125,disk
i,4,0.527587890625,disk
i,5,0.365966796875,disk
i,6,0.71826171875,disk
i,2,0.668701171875,disk
i,3,0.6884765625,disk
i,4,0.7314453125,disk
i,5,0.685546875,disk
i,6,0.623046875,disk
i,2,0.465576171875,disk
i,3,0.546875,disk
i,4,0.311279296875,disk
i,5,0.51220703125,disk
i,6,0.4951171875,disk
i,2,0.661865234375,disk
i,3,0.617431640625,disk
i,4,0.568115234375,disk
i,5,0.539794921875,disk
i,6,0.505615234375,disk
i,2,0.61279296875,disk
i,3,0.5693359375,disk
i,4,0.451416015625,disk
i,5,0.464599609375,disk
i,6,0.697509765625,disk
i,2,0.699462890625,disk
i,3,0.684814453125,disk
i,4,0.566650390625,disk
i,5,0.479736328125,disk
i,6,0.545166015625,disk
i,2,0.87744140625,disk
i,3,0.81884765625,disk
i,4,0.768798828125,disk
i,5,0.751220703125,disk
i,6,0.68701171875,disk
i,2,0.748291015625,disk
i,3,0.63134765625,disk
i,4,0.637939453125,disk
i,5,0.6533203125,disk
i,6,0.660888671875,disk
i,2,0.330810546875,disk
i,3,0.291748046875,disk
i,4,0.295166015625,disk
i,5,0.30029296875,disk
i,6,0.302490234375,disk
i,2,0.576171875,disk
i,3,0.5810546875,disk
i,4,0.482421875,disk
i,5,0.43242450894165935,disk
i,6,0.455810546875,disk
i,2,0.5693359375,disk
i,3,0.798095703125,disk
i,4,0.779052734375,disk
i,5,0.55908203125,disk
i,6,0.65380859375,disk
i,2,0.805908203125,disk
i,3,0.71533203125,disk
i,4,0.610595703125,disk
i,5,0.73486328125,disk
i,6,0.660888671875,disk
i,2,0.533935546875,disk
i,3,0.448974609375,disk
i,4,0.329345703125,disk
i,5,0.60888671875,disk
i,6,0.49658203125,disk
i,2,0.751708984375,disk
i,3,0.75244140625,disk
i,4,0.67138671875,disk
i,5,0.7119140625,disk
i,6,0.60546875,disk
i,2,0.819091796875,disk
i,3,0.77099609375,disk
i,4,0.7314453125,disk
i,5,0.7138671875,disk
i,6,0.681396484375,disk
i,2,0.695068359375,disk
i,3,0.689208984375,disk
i,4,0.65673828125,disk
i,5,0.6416015625,disk
i,6,0.560546875,disk
i,2,0.7255859375,disk
i,3,0.73095703125,disk
i,4,0.678955078125,disk
i,5,0.414306640625,disk
i,6,0.571533203125,disk
i,2,0.61279296875,disk
i,3,0.5693359375,disk
i,4,0.451416015625,disk
i,5,0.464599609375,disk
i,6,0.697509765625,disk
i,2,0.2978515625,disk
i,3,0.201416015625,disk
i,4,0.260986328125,disk
i,5,0.350341796875,disk
i,6,0.239501953125,disk
i,2,0.7822265625,disk
i,3,0.716064453125,disk
i,4,0.658935546875,disk
i,5,0.595703125,disk
i,6,0.512451171875,disk
i,2,0.6178721303381881,disk
i,3,0.3692722371967655,disk
i,4,0.7759439859964992,disk
i,5,0.6719328560849173,disk
i,6,0.5911485774499473,disk
i,2,0.814453125,disk
i,3,0.6826171875,disk
i,4,0.754150390625,disk
i,5,0.619140625,disk
i,6,0.57568359375,disk
i,2,0.65380859375,disk
i,3,0.652099609375,disk
i,4,0.657470703125,disk
i,5,0.773193359375,disk
i,6,0.565185546875,disk
i,2,0.808349609375,disk
i,3,0.704345703125,disk
i,4,0.59130859375,disk
i,5,0.64794921875,disk
i,6,0.5791015625,disk
i,2,0.6533203125,disk
i,3,0.532470703125,disk
i,4,0.46875,disk
i,5,0.41552734375,disk
i,6,0.33056640625,disk
v,2,0.665283203125,disk
v,3,0.66943359375,disk
v,4,0.42578125,disk
v,5,0.51025390625,disk
v,6,0.39990234375,disk
v,2,0.6396484375,disk
v,3,0.67431640625,disk
v,4,0.597900390625,disk
v,5,0.602294921875,disk
v,6,0.605224609375,disk
v,2,0.799560546875,disk
v,3,0.732666015625,disk
v,4,0.630126953125,disk
v,5,0.603515625,disk
v,6,0.63037109375,disk
v,2,0.557861328125,disk
v,3,0.406005859375,disk
v,4,0.651611328125,disk
v,5,0.42431640625,disk
v,6,0.370849609375,disk
v,2,0.345458984375,disk
v,3,0.096435546875,disk
v,4,0.227783203125,disk
v,5,0.2421875,disk
v,6,0.17431640625,disk
v,2,0.72314453125,disk
v,3,0.763671875,disk
v,4,0.711181640625,disk
v,5,0.46923828125,disk
v,6,0.551513671875,disk
v,2,0.515380859375,disk
v,3,0.416748046875,disk
v,4,0.5859375,disk
v,5,0.44482421875,disk
v,6,0.538818359375,disk
v,2,0.54931640625,disk
v,3,0.526611328125,disk
v,4,0.57275390625,disk
v,5,0.412841796875,disk
v,6,0.389892578125,disk
v,2,0.47021484375,disk
v,3,0.41064453125,disk
v,4,0.375732421875,disk
v,5,0.320556640625,disk
v,6,0.298583984375,disk
v,2,0.35400390625,disk
v,3,0.354248046875,disk
v,4,0.48193359375,disk
v,5,0.599609375,disk
v,6,0.459716796875,disk
v,2,0.57177734375,disk
v,3,0.421630859375,disk
v,4,0.56591796875,disk
v,5,0.416748046875,disk
v,6,0.34130859375,disk
v,2,0.60205078125,disk
v,3,0.44482421875,disk
v,4,0.3349609375,disk
v,5,0.2978515625,disk
v,6,0.3984375,disk
v,2,0.748779296875,disk
v,3,0.717041015625,disk
v,4,0.642822265625,disk
v,5,0.547607421875,disk
v,6,0.43115234375,disk
v,2,0.59033203125,disk
v,3,0.469482421875,disk
v,4,0.4765625,disk
v,5,0.5205078125,disk
v,6,0.57958984375,disk
v,2,0.551025390625,disk
v,3,0.634521484375,disk
v,4,0.427490234375,disk
v,5,0.370849609375,disk
v,6,0.304931640625,disk
v,2,0.6669921875,disk
v,3,0.58544921875,disk
v,4,0.703369140625,disk
v,5,0.47607421875,disk
v,6,0.552978515625,disk
v,2,0.565673828125,disk
v,3,0.25830078125,disk
v,4,0.289794921875,disk
v,5,0.198486328125,disk
v,6,0.185546875,disk
v,2,0.53955078125,disk
v,3,0.468017578125,disk
v,4,0.530029296875,disk
v,5,0.703369140625,disk
v,6,0.4921875,disk
v,2,0.742919921875,disk
v,3,0.595458984375,disk
v,4,0.492919921875,disk
v,5,0.66943359375,disk
v,6,0.607666015625,disk
v,2,0.305908203125,disk
v,3,0.349853515625,disk
v,4,0.438232421875,disk
v,5,0.216796875,disk
v,6,0.291748046875,disk
v,2,0.5009765625,disk
v,3,0.44384765625,disk
v,4,0.209716796875,disk
v,5,0.11572265625,disk
v,6,0.052001953125,disk
v,2,0.773681640625,disk
v,3,0.609130859375,disk
v,4,0.6748046875,disk
v,5,0.48681640625,disk
v,6,0.432861328125,disk
v,2,0.624267578125,disk
v,3,0.53759765625,disk
v,4,0.427734375,disk
v,5,0.5283203125,disk
v,6,0.329833984375,disk
v,2,0.6240234375,disk
v,3,0.627197265625,disk
v,4,0.383056640625,disk
v,5,0.547607421875,disk
v,6,0.32373046875,disk
v,2,0.615478515625,disk
v,3,0.354248046875,disk
v,4,0.264404296875,disk
v,5,0.208984375,disk
v,6,0.149658203125,disk
v,2,0.53564453125,disk
v,3,0.58154296875,disk
v,4,0.485107421875,disk
v,5,0.487548828125,disk
v,6,0.41552734375,disk
v,2,0.6484375,disk
v,3,0.516357421875,disk
v,4,0.54052734375,disk
v,5,0.505615234375,disk
v,6,0.42138671875,disk
v,2,0.53759765625,disk
v,3,0.357666015625,disk
v,4,0.6064453125,disk
v,5,0.357421875,disk
v,6,0.496826171875,disk
v,2,0.569091796875,disk
v,3,0.450439453125,disk
v,4,0.367431640625,disk
v,5,0.231201171875,disk
v,6,0.1357421875,disk
v,2,0.500732421875,disk
v,3,0.483154296875,disk
v,4,0.292236328125,disk
v,5,0.204833984375,disk
v,6,0.231689453125,disk
v,2,0.511962890625,disk
v,3,0.4404296875,disk
v,4,0.508544921875,disk
v,5,0.408935546875,disk
v,6,0.328125,disk
v,2,0.82666015625,disk
v,3,0.668212890625,disk
v,4,0.5751953125,disk
v,5,0.522705078125,disk
v,6,0.530029296875,disk
v,2,0.617919921875,disk
v,3,0.637939453125,disk
v,4,0.5625,disk
v,5,0.5966796875,disk
v,6,0.606201171875,disk
v,2,0.604736328125,disk
v,3,0.36865234375,disk
v,4,0.58251953125,disk
v,5,0.418701171875,disk
v,6,0.59375,disk
v,2,0.396728515625,disk
v,3,0.28369140625,disk
v,4,0.346923828125,disk
v,5,0.298583984375,disk
v,6,0.3759765625,disk
v,2,0.392333984375,disk
v,3,0.280517578125,disk
v,4,0.55126953125,disk
v,5,0.607421875,disk
v,6,0.161865234375,disk
v,2,0.352294921875,disk
v,3,0.406005859375,disk
v,4,0.447998046875,disk
v,5,0.407470703125,disk
v,6,0.427978515625,disk
v,2,0.3642578125,disk
v,3,0.42626953125,disk
v,4,0.397705078125,disk
v,5,0.36376953125,disk
v,6,0.357666015625,disk
v,2,0.530029296875,disk
v,3,0.565673828125,disk
v,4,0.486083984375,disk
v,5,0.528076171875,disk
v,6,0.476806640625,disk
v,2,0.3662109375,disk
v,3,0.28759765625,disk
v,4,0.2724609375,disk
v,5,0.2294921875,disk
v,6,0.333984375,disk
v,2,0.76611328125,disk
v,3,0.475341796875,disk
v,4,0.322265625,disk
v,5,0.348388671875,disk
v,6,0.325927734375,disk
v,2,0.806884765625,disk
v,3,0.709716796875,disk
v,4,0.419921875,disk
v,5,0.40185546875,disk
v,6,0.365966796875,disk
v,2,0.594482421875,disk
v,3,0.348876953125,disk
v,4,0.406005859375,disk
v,5,0.42919921875,disk
v,6,0.42431640625,disk
v,2,0.564697265625,disk
v,3,0.547119140625,disk
v,4,0.538818359375,disk
v,5,0.542724609375,disk
v,6,0.301025390625,disk
v,2,0.4814453125,disk
v,3,0.0732421875,disk
v,4,0.052001953125,disk
v,5,0.0517578125,disk
v,6,0.05908203125,disk
v,2,0.602783203125,disk
v,3,0.474609375,disk
v,4,0.315185546875,disk
v,5,0.263427734375,disk
v,6,0.2138671875,disk
v,2,0.731689453125,disk
v,3,0.638427734375,disk
v,4,0.576416015625,disk
v,5,0.69140625,disk
v,6,0.590087890625,disk
v,2,0.683349609375,disk
v,3,0.4892578125,disk
v,4,0.755615234375,disk
v,5,0.51123046875,disk
v,6,0.40869140625,disk
v,2,0.57958984375,disk
v,3,0.223876953125,disk
v,4,0.454345703125,disk
v,5,0.169189453125,disk
v,6,0.17041015625,disk
v,2,0.4091796875,disk
v,3,0.3466796875,disk
v,4,0.58642578125,disk
v,5,0.546142578125,disk
v,6,0.3720703125,disk
v,2,0.588134765625,disk
v,3,0.52685546875,disk
v,4,0.417724609375,disk
v,5,0.54248046875,disk
v,6,0.51318359375,disk
v,2,0.132080078125,disk
v,3,0.247314453125,disk
v,4,0.212646484375,disk
v,5,0.091064453125,disk
v,6,0.1845703125,disk
v,2,0.482666015625,disk
v,3,0.55029296875,disk
v,4,0.655517578125,disk
v,5,0.492919921875,disk
v,6,0.308837890625,disk
v,2,0.520263671875,disk
v,3,0.34765625,disk
v,4,0.096435546875,disk
v,5,0.39306640625,disk
v,6,0.146240234375,disk
v,2,0.531005859375,disk
v,3,0.240966796875,disk
v,4,0.496826171875,disk
v,5,0.349365234375,disk
v,6,0.25439453125,disk
v,2,0.372802734375,disk
v,3,0.489990234375,disk
v,4,0.317626953125,disk
v,5,0.4013671875,disk
v,6,0.322265625,disk
i,2,0.7582417582417582,keynet
i,3,0.3976135488837567,keynet
i,4,0.29253849190682985,keynet
i,5,0.30558955528355775,keynet
i,6,0.3076609616951915,keynet
i,2,0.648681640625,keynet
i,3,0.447021484375,keynet
i,4,0.27392578125,keynet
i,5,0.32958984375,keynet
i,6,0.545654296875,keynet
i,2,0.7287917737789203,keynet
i,3,0.6588235294117647,keynet
i,4,0.6342710997442456,keynet
i,5,0.5794841031793642,keynet
i,6,0.5303119482048264,keynet
i,2,0.6984126984126984,keynet
i,3,0.6679987703658161,keynet
i,4,0.7086639162170739,keynet
i,5,0.7550133689839572,keynet
i,6,0.7232866617538688,keynet
i,2,0.7412109375,keynet
i,3,0.64501953125,keynet
i,4,0.653076171875,keynet
i,5,0.370849609375,keynet
i,6,0.356689453125,keynet
i,2,0.658935546875,keynet
i,3,0.58984375,keynet
i,4,0.58642578125,keynet
i,5,0.499267578125,keynet
i,6,0.15100931677018634,keynet
i,2,0.60498046875,keynet
i,3,0.412353515625,keynet
i,4,0.302001953125,keynet
i,5,0.21533203125,keynet
i,6,0.20166015625,keynet
i,2,0.48541726826451054,keynet
i,3,0.5764462809917356,keynet
i,4,0.5528125,keynet
i,5,0.3791979132702967,keynet
i,6,0.39472105578884226,keynet
i,2,0.7330361565131253,keynet
i,3,0.7181773155027241,keynet
i,4,0.7243684992570579,keynet
i,5,0.6830808080808081,keynet
i,6,0.6188003116073747,keynet
i,2,0.397216796875,keynet
i,3,0.52099609375,keynet
i,4,0.62255859375,keynet
i,5,0.7451171875,keynet
i,6,0.401123046875,keynet
i,2,0.769287109375,keynet
i,3,0.417724609375,keynet
i,4,0.414794921875,keynet
i,5,0.412353515625,keynet
i,6,0.56201171875,keynet
i,2,0.91748046875,keynet
i,3,0.856689453125,keynet
i,4,0.7919921875,keynet
i,5,0.7517552657973922,keynet
i,6,0.5700056915196358,keynet
i,2,0.8205645161290323,keynet
i,3,0.6966292134831461,keynet
i,4,0.41077844311377243,keynet
i,5,0.3548689138576779,keynet
i,6,0.3825545171339564,keynet
i,2,0.761544284632854,keynet
i,3,0.6711041503523885,keynet
i,4,0.6129116570831156,keynet
i,5,0.543042270904042,keynet
i,6,0.5049800796812749,keynet
i,2,0.8720186154741129,keynet
i,3,0.8172966781214204,keynet
i,4,0.7979683972911964,keynet
i,5,0.7411636759108211,keynet
i,6,0.7633136094674556,keynet
i,2,0.7920028060329709,keynet
i,3,0.7920544022906227,keynet
i,4,0.7004146510020732,keynet
i,5,0.7385337667027808,keynet
i,6,0.7565341926244182,keynet
i,2,0.607421875,keynet
i,3,0.630126953125,keynet
i,4,0.58544921875,keynet
i,5,0.57080078125,keynet
i,6,0.5390625,keynet
i,2,0.678466796875,keynet
i,3,0.758544921875,keynet
i,4,0.787109375,keynet
i,5,0.806884765625,keynet
i,6,0.73291015625,keynet
i,2,0.55712890625,keynet
i,3,0.506103515625,keynet
i,4,0.448974609375,keynet
i,5,0.42236328125,keynet
i,6,0.40673828125,keynet
i,2,0.51073503409952,keynet
i,3,0.5008840616317252,keynet
i,4,0.44166432386842847,keynet
i,5,0.440325751193485,keynet
i,6,0.47107855519070474,keynet
i,2,0.8560436037191408,keynet
i,3,0.6480700616282842,keynet
i,4,0.5269922879177378,keynet
i,5,0.633453119895459,keynet
i,6,0.5004897159647405,keynet
i,2,0.806396484375,keynet
i,3,0.7314453125,keynet
i,4,0.691162109375,keynet
i,5,0.635009765625,keynet
i,6,0.613037109375,keynet
i,2,0.8359621451104101,keynet
i,3,0.7605152471083071,keynet
i,4,0.6827024185068349,keynet
i,5,0.5767613038906414,keynet
i,6,0.2844374342797056,keynet
i,2,0.6515060240963856,keynet
i,3,0.6141525917297612,keynet
i,4,0.5007550588945938,keynet
i,5,0.503126776577601,keynet
i,6,0.6018060005825808,keynet
i,2,0.9032173685587235,keynet
i,3,0.8216991341991342,keynet
i,4,0.9163753697230438,keynet
i,5,0.9240506329113924,keynet
i,6,0.9176312247644683,keynet
i,2,0.27978515625,keynet
i,3,0.5146484375,keynet
i,4,0.386474609375,keynet
i,5,0.080322265625,keynet
i,6,0.36279296875,keynet
i,2,0.81421647819063,keynet
i,3,0.7171802448290417,keynet
i,4,0.4652455977757183,keynet
i,5,0.6532520325203252,keynet
i,6,0.6281302170283807,keynet
i,2,0.834716796875,keynet
i,3,0.654541015625,keynet
i,4,0.44627895515032034,keynet
i,5,0.29466900995899237,keynet
i,6,0.642333984375,keynet
i,2,0.6311210539398459,keynet
i,3,0.653076171875,keynet
i,4,0.679443359375,keynet
i,5,0.6144297905352987,keynet
i,6,0.539794921875,keynet
i,2,0.55029296875,keynet
i,3,0.607421875,keynet
i,4,0.2548828125,keynet
i,5,0.576171875,keynet
i,6,0.53466796875,keynet
i,2,0.5886588658865887,keynet
i,3,0.42254771415889925,keynet
i,4,0.36154827732879624,keynet
i,5,0.3207070707070707,keynet
i,6,0.2801705756929638,keynet
i,2,0.551025390625,keynet
i,3,0.46923828125,keynet
i,4,0.34375,keynet
i,5,0.34228515625,keynet
i,6,0.723388671875,keynet
i,2,0.6568856285428476,keynet
i,3,0.604360371914075,keynet
i,4,0.47511460379829734,keynet
i,5,0.39531043593130777,keynet
i,6,0.45816326530612245,keynet
i,2,0.9272991639403854,keynet
i,3,0.8815887156644395,keynet
i,4,0.8106201262532492,keynet
i,5,0.7725914861837192,keynet
i,6,0.6860816944024206,keynet
i,2,0.7129094412331407,keynet
i,3,0.4727398205659075,keynet
i,4,0.5091347811099621,keynet
i,5,0.5457446808510639,keynet
i,6,0.587467362924282,keynet
i,2,0.2629441624365482,keynet
i,3,0.15703703703703703,keynet
i,4,0.1596944343397599,keynet
i,5,0.22241620111731844,keynet
i,6,0.21612786051580093,keynet
i,2,0.4931788931788932,keynet
i,3,0.4851129363449692,keynet
i,4,0.39335755059678257,keynet
i,5,0.39136257114161366,keynet
i,6,0.3355890495232236,keynet
i,2,0.699462890625,keynet
i,3,0.907958984375,keynet
i,4,0.86328125,keynet
i,5,0.6708984375,keynet
i,6,0.74365234375,keynet
i,2,0.85791015625,keynet
i,3,0.697998046875,keynet
i,4,0.566162109375,keynet
i,5,0.75341796875,keynet
i,6,0.630859375,keynet
i,2,0.5390625,keynet
i,3,0.479736328125,keynet
i,4,0.3408203125,keynet
i,5,0.552001953125,keynet
i,6,0.428466796875,keynet
i,2,0.8132716049382716,keynet
i,3,0.817783343769568,keynet
i,4,0.6446540880503144,keynet
i,5,0.7187692307692307,keynet
i,6,0.5674552429667519,keynet
i,2,0.8058124174372523,keynet
i,3,0.7262716308337703,keynet
i,4,0.685646186440678,keynet
i,5,0.6328912466843502,keynet
i,6,0.5878107457898958,keynet
i,2,0.676025390625,keynet
i,3,0.66845703125,keynet
i,4,0.63330078125,keynet
i,5,0.599609375,keynet
i,6,0.47802734375,keynet
i,2,0.796875,keynet
i,3,0.81201171875,keynet
i,4,0.7353515625,keynet
i,5,0.498046875,keynet
i,6,0.630126953125,keynet
i,2,0.551025390625,keynet
i,3,0.46923828125,keynet
i,4,0.34375,keynet
i,5,0.34228515625,keynet
i,6,0.723388671875,keynet
i,2,0.218505859375,keynet
i,3,0.283447265625,keynet
i,4,0.223388671875,keynet
i,5,0.399658203125,keynet
i,6,0.186767578125,keynet
i,2,0.7218268090154211,keynet
i,3,0.6218214074512123,keynet
i,4,0.5190684133915575,keynet
i,5,0.4458710242194339,keynet
i,6,0.3537104622871046,keynet
i,2,0.5652173913043478,keynet
i,3,0.22322670375521558,keynet
i,4,0.7563840653728294,keynet
i,5,0.49857954545454547,keynet
i,6,0.5703794369645043,keynet
i,2,0.83935546875,keynet
i,3,0.63818359375,keynet
i,4,0.679931640625,keynet
i,5,0.484130859375,keynet
i,6,0.457275390625,keynet
i,2,0.5743732590529248,keynet
i,3,0.5703491401771756,keynet
i,4,0.5644253951245647,keynet
i,5,0.742661943319838,keynet
i,6,0.5801348547717843,keynet
i,2,0.876708984375,keynet
i,3,0.736083984375,keynet
i,4,0.560791015625,keynet
i,5,0.67578125,keynet
i,6,0.56982421875,keynet
i,2,0.798828125,keynet
i,3,0.5908203125,keynet
i,4,0.50146484375,keynet
i,5,0.361572265625,keynet
i,6,0.343017578125,keynet
v,2,0.752197265625,keynet
v,3,0.7353515625,keynet
v,4,0.47998046875,keynet
v,5,0.570556640625,keynet
v,6,0.416015625,keynet
v,2,0.74634858812074,keynet
v,3,0.6487130600571973,keynet
v,4,0.4639175257731959,keynet
v,5,0.5798575788402849,keynet
v,6,0.5788697788697789,keynet
v,2,0.914794921875,keynet
v,3,0.79052734375,keynet
v,4,0.718505859375,keynet
v,5,0.655029296875,keynet
v,6,0.634765625,keynet
v,2,0.663330078125,keynet
v,3,0.46240234375,keynet
v,4,0.76513671875,keynet
v,5,0.446533203125,keynet
v,6,0.303466796875,keynet
v,2,0.460205078125,keynet
v,3,0.14892578125,keynet
v,4,0.138427734375,keynet
v,5,0.2080078125,keynet
v,6,0.111328125,keynet
v,2,0.855712890625,keynet
v,3,0.884521484375,keynet
v,4,0.844482421875,keynet
v,5,0.625,keynet
v,6,0.7197265625,keynet
v,2,0.515380859375,keynet
v,3,0.415771484375,keynet
v,4,0.617431640625,keynet
v,5,0.395263671875,keynet
v,6,0.529541015625,keynet
v,2,0.62646484375,keynet
v,3,0.57275390625,keynet
v,4,0.603271484375,keynet
v,5,0.417236328125,keynet
v,6,0.338134765625,keynet
v,2,0.677001953125,keynet
v,3,0.64208984375,keynet
v,4,0.621826171875,keynet
v,5,0.51123046875,keynet
v,6,0.3359375,keynet
v,2,0.279296875,keynet
v,3,0.43994140625,keynet
v,4,0.559814453125,keynet
v,5,0.733154296875,keynet
v,6,0.525634765625,keynet
v,2,0.723876953125,keynet
v,3,0.546630859375,keynet
v,4,0.646484375,keynet
v,5,0.447265625,keynet
v,6,0.360595703125,keynet
v,2,0.73876953125,keynet
v,3,0.531494140625,keynet
v,4,0.412353515625,keynet
v,5,0.292236328125,keynet
v,6,0.389892578125,keynet
v,2,0.8671875,keynet
v,3,0.807861328125,keynet
v,4,0.670166015625,keynet
v,5,0.563720703125,keynet
v,6,0.421630859375,keynet
v,2,0.72998046875,keynet
v,3,0.603759765625,keynet
v,4,0.62060546875,keynet
v,5,0.637939453125,keynet
v,6,0.710205078125,keynet
v,2,0.712158203125,keynet
v,3,0.80126953125,keynet
v,4,0.58056640625,keynet
v,5,0.56787109375,keynet
v,6,0.48095703125,keynet
v,2,0.773193359375,keynet
v,3,0.5087890625,keynet
v,4,0.699951171875,keynet
v,5,0.51025390625,keynet
v,6,0.492431640625,keynet
v,2,0.468505859375,keynet
v,3,0.33349609375,keynet
v,4,0.45458984375,keynet
v,5,0.430419921875,keynet
v,6,0.438720703125,keynet
v,2,0.705078125,keynet
v,3,0.603515625,keynet
v,4,0.673583984375,keynet
v,5,0.87548828125,keynet
v,6,0.554931640625,keynet
v,2,0.774169921875,keynet
v,3,0.505615234375,keynet
v,4,0.3857421875,keynet
v,5,0.59765625,keynet
v,6,0.464111328125,keynet
v,2,0.61181640625,keynet
v,3,0.65478515625,keynet
v,4,0.586181640625,keynet
v,5,0.588134765625,keynet
v,6,0.462890625,keynet
v,2,0.576904296875,keynet
v,3,0.51904296875,keynet
v,4,0.317626953125,keynet
v,5,0.26708984375,keynet
v,6,0.23193359375,keynet
v,2,0.8515625,keynet
v,3,0.694580078125,keynet
v,4,0.67626953125,keynet
v,5,0.502685546875,keynet
v,6,0.41162109375,keynet
v,2,0.760986328125,keynet
v,3,0.652099609375,keynet
v,4,0.512451171875,keynet
v,5,0.6533203125,keynet
v,6,0.40283203125,keynet
v,2,0.5969450603596945,keynet
v,3,0.653564453125,keynet
v,4,0.35888671875,keynet
v,5,0.511744127936032,keynet
v,6,0.2954781704781705,keynet
v,2,0.763916015625,keynet
v,3,0.562744140625,keynet
v,4,0.39697265625,keynet
v,5,0.36328125,keynet
v,6,0.338134765625,keynet
v,2,0.739013671875,keynet
v,3,0.7236328125,keynet
v,4,0.54736328125,keynet
v,5,0.64208984375,keynet
v,6,0.52294921875,keynet
v,2,0.77978515625,keynet
v,3,0.556884765625,keynet
v,4,0.63623046875,keynet
v,5,0.614501953125,keynet
v,6,0.5205078125,keynet
v,2,0.72314453125,keynet
v,3,0.41259765625,keynet
v,4,0.81298828125,keynet
v,5,0.526123046875,keynet
v,6,0.586181640625,keynet
v,2,0.85986328125,keynet
v,3,0.805419921875,keynet
v,4,0.712890625,keynet
v,5,0.562744140625,keynet
v,6,0.44140625,keynet
v,2,0.589599609375,keynet
v,3,0.4853515625,keynet
v,4,0.34228515625,keynet
v,5,0.308837890625,keynet
v,6,0.239501953125,keynet
v,2,0.594970703125,keynet
v,3,0.524169921875,keynet
v,4,0.572998046875,keynet
v,5,0.448486328125,keynet
v,6,0.45654296875,keynet
v,2,0.7957175925925926,keynet
v,3,0.6055045871559633,keynet
v,4,0.52576,keynet
v,5,0.4504801920768307,keynet
v,6,0.46335697399527187,keynet
v,2,0.762451171875,keynet
v,3,0.7373046875,keynet
v,4,0.746826171875,keynet
v,5,0.814453125,keynet
v,6,0.81298828125,keynet
v,2,0.66552734375,keynet
v,3,0.4013671875,keynet
v,4,0.743408203125,keynet
v,5,0.470458984375,keynet
v,6,0.770263671875,keynet
v,2,0.662353515625,keynet
v,3,0.416015625,keynet
v,4,0.45458984375,keynet
v,5,0.4892578125,keynet
v,6,0.60498046875,keynet
v,2,0.59130859375,keynet
v,3,0.505859375,keynet
v,4,0.654541015625,keynet
v,5,0.66552734375,keynet
v,6,0.224365234375,keynet
v,2,0.630615234375,keynet
v,3,0.584228515625,keynet
v,4,0.641845703125,keynet
v,5,0.5966796875,keynet
v,6,0.630615234375,keynet
v,2,0.43310546875,keynet
v,3,0.5234375,keynet
v,4,0.510986328125,keynet
v,5,0.414306640625,keynet
v,6,0.378662109375,keynet
v,2,0.769287109375,keynet
v,3,0.780029296875,keynet
v,4,0.71923828125,keynet
v,5,0.74853515625,keynet
v,6,0.69384765625,keynet
v,2,0.6826171875,keynet
v,3,0.51953125,keynet
v,4,0.4052734375,keynet
v,5,0.326171875,keynet
v,6,0.583984375,keynet
v,2,0.884521484375,keynet
v,3,0.66162109375,keynet
v,4,0.645751953125,keynet
v,5,0.590087890625,keynet
v,6,0.521484375,keynet
v,2,0.93896484375,keynet
v,3,0.8505859375,keynet
v,4,0.619873046875,keynet
v,5,0.55859375,keynet
v,6,0.480712890625,keynet
v,2,0.629638671875,keynet
v,3,0.4716796875,keynet
v,4,0.447265625,keynet
v,5,0.519287109375,keynet
v,6,0.489990234375,keynet
v,2,0.7001953125,keynet
v,3,0.64111328125,keynet
v,4,0.706298828125,keynet
v,5,0.6396484375,keynet
v,6,0.395751953125,keynet
v,2,0.758544921875,keynet
v,3,0.280517578125,keynet
v,4,0.198486328125,keynet
v,5,0.15576171875,keynet
v,6,0.126708984375,keynet
v,2,0.906982421875,keynet
v,3,0.781494140625,keynet
v,4,0.589599609375,keynet
v,5,0.503173828125,keynet
v,6,0.43212890625,keynet
v,2,0.876220703125,keynet
v,3,0.757568359375,keynet
v,4,0.643310546875,keynet
v,5,0.7646484375,keynet
v,6,0.640625,keynet
v,2,0.759521484375,keynet
v,3,0.576904296875,keynet
v,4,0.785400390625,keynet
v,5,0.6220703125,keynet
v,6,0.43603515625,keynet
v,2,0.700927734375,keynet
v,3,0.406494140625,keynet
v,4,0.511962890625,keynet
v,5,0.346435546875,keynet
v,6,0.2919921875,keynet
v,2,0.534912109375,keynet
v,3,0.44482421875,keynet
v,4,0.76806640625,keynet
v,5,0.735107421875,keynet
v,6,0.4130859375,keynet
v,2,0.787841796875,keynet
v,3,0.6796875,keynet
v,4,0.69384765625,keynet
v,5,0.77734375,keynet
v,6,0.744384765625,keynet
v,2,0.408447265625,keynet
v,3,0.477783203125,keynet
v,4,0.370361328125,keynet
v,5,0.30859375,keynet
v,6,0.416259765625,keynet
v,2,0.593505859375,keynet
v,3,0.728271484375,keynet
v,4,0.778564453125,keynet
v,5,0.572998046875,keynet
v,6,0.344970703125,keynet
v,2,0.656982421875,keynet
v,3,0.604248046875,keynet
v,4,0.39449786324786323,keynet
v,5,0.554443359375,keynet
v,6,0.4306640625,keynet
v,2,0.607666015625,keynet
v,3,0.3125,keynet
v,4,0.57470703125,keynet
v,5,0.43359375,keynet
v,6,0.311279296875,keynet
v,2,0.521484375,keynet
v,3,0.6357421875,keynet
v,4,0.51904296875,keynet
v,5,0.647216796875,keynet
v,6,0.47265625,keynet
i,2,0.72021484375,sift
i,3,0.477294921875,sift
i,4,0.310791015625,sift
i,5,0.313232421875,sift
i,6,0.321044921875,sift
i,2,0.537353515625,sift
i,3,0.3232421875,sift
i,4,0.254638671875,sift
i,5,0.242431640625,sift
i,6,0.422119140625,sift
i,2,0.56396484375,sift
i,3,0.502197265625,sift
i,4,0.4931640625,sift
i,5,0.49462890625,sift
i,6,0.49365234375,sift
i,2,0.68017578125,sift
i,3,0.653076171875,sift
i,4,0.6767578125,sift
i,5,0.6953125,sift
i,6,0.69482421875,sift
i,2,0.694091796875,sift
i,3,0.552734375,sift
i,4,0.593994140625,sift
i,5,0.318359375,sift
i,6,0.31396484375,sift
i,2,0.548583984375,sift
i,3,0.50048828125,sift
i,4,0.471435546875,sift
i,5,0.421630859375,sift
i,6,0.256103515625,sift
i,2,0.5673828125,sift
i,3,0.3525390625,sift
i,4,0.275390625,sift
i,5,0.184814453125,sift
i,6,0.181396484375,sift
i,2,0.512451171875,sift
i,3,0.592529296875,sift
i,4,0.5625,sift
i,5,0.475830078125,sift
i,6,0.441162109375,sift
i,2,0.734619140625,sift
i,3,0.72607421875,sift
i,4,0.706298828125,sift
i,5,0.66357421875,sift
i,6,0.605224609375,sift
i,2,0.401611328125,sift
i,3,0.525390625,sift
i,4,0.61279296875,sift
i,5,0.706298828125,sift
i,6,0.402099609375,sift
i,2,0.78564453125,sift
i,3,0.3515625,sift
i,4,0.35791015625,sift
i,5,0.3623046875,sift
i,6,0.5029296875,sift
i,2,0.8798828125,sift
i,3,0.830810546875,sift
i,4,0.78466796875,sift
i,5,0.75048828125,sift
i,6,0.62109375,sift
i,2,0.7060546875,sift
i,3,0.583740234375,sift
i,4,0.447265625,sift
i,5,0.385986328125,sift
i,6,0.419189453125,sift
i,2,0.7353515625,sift
i,3,0.627685546875,sift
i,4,0.5849609375,sift
i,5,0.517822265625,sift
i,6,0.510498046875,sift
i,2,0.6484375,sift
i,3,0.62255859375,sift
i,4,0.631103515625,sift
i,5,0.614013671875,sift
i,6,0.625,sift
i,2,0.67529296875,sift
i,3,0.65673828125,sift
i,4,0.6171875,sift
i,5,0.627197265625,sift
i,6,0.636962890625,sift
i,2,0.56591796875,sift
i,3,0.578125,sift
i,4,0.531982421875,sift
i,5,0.525146484375,sift
i,6,0.5068359375,sift
i,2,0.6484375,sift
i,3,0.700927734375,sift
i,4,0.732177734375,sift
i,5,0.7421875,sift
i,6,0.67822265625,sift
i,2,0.517333984375,sift
i,3,0.4541015625,sift
i,4,0.40380859375,sift
i,5,0.349365234375,sift
i,6,0.33642578125,sift
i,2,0.53857421875,sift
i,3,0.557373046875,sift
i,4,0.4345703125,sift
i,5,0.451416015625,sift
i,6,0.52734375,sift
i,2,0.840576171875,sift
i,3,0.655517578125,sift
i,4,0.561767578125,sift
i,5,0.630615234375,sift
i,6,0.521484375,sift
i,2,0.792724609375,sift
i,3,0.707275390625,sift
i,4,0.658935546875,sift
i,5,0.609130859375,sift
i,6,0.567138671875,sift
i,2,0.7685546875,sift
i,3,0.701171875,sift
i,4,0.633056640625,sift
i,5,0.538818359375,sift
i,6,0.30078125,sift
i,2,0.48876953125,sift
i,3,0.523681640625,sift
i,4,0.400146484375,sift
i,5,0.376220703125,sift
i,6,0.468505859375,sift
i,2,0.628662109375,sift
i,3,0.424560546875,sift
i,4,0.702880859375,sift
i,5,0.6796875,sift
i,6,0.636962890625,sift
i,2,0.28857421875,sift
i,3,0.28955078125,sift
i,4,0.268310546875,sift
i,5,0.126708984375,sift
i,6,0.161865234375,sift
i,2,0.752685546875,sift
i,3,0.63916015625,sift
i,4,0.428955078125,sift
i,5,0.65185546875,sift
i,6,0.609619140625,sift
i,2,0.758056640625,sift
i,3,0.574951171875,sift
i,4,0.390380859375,sift
i,5,0.283203125,sift
i,6,0.598876953125,sift
i,2,0.63525390625,sift
i,3,0.64501953125,sift
i,4,0.6806640625,sift
i,5,0.6123046875,sift
i,6,0.565185546875,sift
i,2,0.492431640625,sift
i,3,0.579345703125,sift
i,4,0.260498046875,sift
i,5,0.542724609375,sift
i,6,0.513671875,sift
i,2,0.560302734375,sift
i,3,0.463134765625,sift
i,4,0.438232421875,sift
i,5,0.40234375,sift
i,6,0.388427734375,sift
i,2,0.552734375,sift
i,3,0.47216796875,sift
i,4,0.391357421875,sift
i,5,0.401611328125,sift
i,6,0.6611328125,sift
i,2,0.64111328125,sift
i,3,0.645263671875,sift
i,4,0.479736328125,sift
i,5,0.4677734375,sift
i,6,0.53515625,sift
i,2,0.87646484375,sift
i,3,0.8212890625,sift
i,4,0.760009765625,sift
i,5,0.736083984375,sift
i,6,0.674072265625,sift
i,2,0.625,sift
i,3,0.511474609375,sift
i,4,0.52197265625,sift
i,5,0.533447265625,sift
i,6,0.554931640625,sift
i,2,0.343994140625,sift
i,3,0.228271484375,sift
i,4,0.23095703125,sift
i,5,0.2763671875,sift
i,6,0.267578125,sift
i,2,0.510009765625,sift
i,3,0.519287109375,sift
i,4,0.447998046875,sift
i,5,0.407470703125,sift
i,6,0.346923828125,sift
i,2,0.620361328125,sift
i,3,0.812744140625,sift
i,4,0.750244140625,sift
i,5,0.6162109375,sift
i,6,0.662841796875,sift
i,2,0.81591796875,sift
i,3,0.6435546875,sift
i,4,0.473876953125,sift
i,5,0.7353515625,sift
i,6,0.597900390625,sift
i,2,0.55419921875,sift
i,3,0.5126953125,sift
i,4,0.348876953125,sift
i,5,0.58837890625,sift
i,6,0.442138671875,sift
i,2,0.754150390625,sift
i,3,0.7080078125,sift
i,4,0.593505859375,sift
i,5,0.663818359375,sift
i,6,0.515380859375,sift
i,2,0.753662109375,sift
i,3,0.6875,sift
i,4,0.6435546875,sift
i,5,0.604248046875,sift
i,6,0.56103515625,sift
i,2,0.722412109375,sift
i,3,0.689208984375,sift
i,4,0.6708984375,sift
i,5,0.659423828125,sift
i,6,0.5419921875,sift
i,2,0.740478515625,sift
i,3,0.72705078125,sift
i,4,0.6796875,sift
i,5,0.356689453125,sift
i,6,0.523193359375,sift
i,2,0.552734375,sift
i,3,0.47216796875,sift
i,4,0.391357421875,sift
i,5,0.401611328125,sift
i,6,0.6611328125,sift
i,2,0.3466796875,sift
i,3,0.376220703125,sift
i,4,0.291259765625,sift
i,5,0.40380859375,sift
i,6,0.177490234375,sift
i,2,0.68994140625,sift
i,3,0.6240234375,sift
i,4,0.530517578125,sift
i,5,0.42919921875,sift
i,6,0.38330078125,sift
i,2,0.46044921875,sift
i,3,0.2412109375,sift
i,4,0.5986328125,sift
i,5,0.46728515625,sift
i,6,0.447509765625,sift
i,2,0.810546875,sift
i,3,0.6552734375,sift
i,4,0.7294921875,sift
i,5,0.575439453125,sift
i,6,0.54248046875,sift
i,2,0.523681640625,sift
i,3,0.537353515625,sift
i,4,0.544189453125,sift
i,5,0.736328125,sift
i,6,0.507080078125,sift
i,2,0.826416015625,sift
i,3,0.671630859375,sift
i,4,0.521484375,sift
i,5,0.64306640625,sift
i,6,0.521240234375,sift
i,2,0.578369140625,sift
i,3,0.39599609375,sift
i,4,0.36865234375,sift
i,5,0.2939453125,sift
i,6,0.256591796875,sift
v,2,0.639892578125,sift
v,3,0.652099609375,sift
v,4,0.44775390625,sift
v,5,0.450439453125,sift
v,6,0.362060546875,sift
v,2,0.681640625,sift
v,3,0.635009765625,sift
v,4,0.47216796875,sift
v,5,0.5546875,sift
v,6,0.55859375,sift
v,2,0.71533203125,sift
v,3,0.65673828125,sift
v,4,0.5361328125,sift
v,5,0.58203125,sift
v,6,0.55029296875,sift
v,2,0.632080078125,sift
v,3,0.47998046875,sift
v,4,0.720703125,sift
v,5,0.45947265625,sift
v,6,0.320068359375,sift
v,2,0.402587890625,sift
v,3,0.26953125,sift
v,4,0.243896484375,sift
v,5,0.216064453125,sift
v,6,0.16455078125,sift
v,2,0.722900390625,sift
v,3,0.77880859375,sift
v,4,0.657958984375,sift
v,5,0.474853515625,sift
v,6,0.560791015625,sift
v,2,0.4697265625,sift
v,3,0.441650390625,sift
v,4,0.564208984375,sift
v,5,0.396728515625,sift
v,6,0.521728515625,sift
v,2,0.5869140625,sift
v,3,0.552490234375,sift
v,4,0.56494140625,sift
v,5,0.422607421875,sift
v,6,0.3544921875,sift
v,2,0.609130859375,sift
v,3,0.552490234375,sift
v,4,0.587158203125,sift
v,5,0.52978515625,sift
v,6,0.3974609375,sift
v,2,0.166259765625,sift
v,3,0.32177734375,sift
v,4,0.4189453125,sift
v,5,0.617431640625,sift
v,6,0.137451171875,sift
v,2,0.6259765625,sift
v,3,0.470703125,sift
v,4,0.5048828125,sift
v,5,0.3603515625,sift
v,6,0.23974609375,sift
v,2,0.68701171875,sift
v,3,0.599609375,sift
v,4,0.482177734375,sift
v,5,0.446533203125,sift
v,6,0.357177734375,sift
v,2,0.70458984375,sift
v,3,0.638427734375,sift
v,4,0.524169921875,sift
v,5,0.441650390625,sift
v,6,0.3203125,sift
v,2,0.712646484375,sift
v,3,0.598388671875,sift
v,4,0.619384765625,sift
v,5,0.611328125,sift
v,6,0.7333984375,sift
v,2,0.63623046875,sift
v,3,0.72021484375,sift
v,4,0.499755859375,sift
v,5,0.498291015625,sift
v,6,0.430419921875,sift
v,2,0.489501953125,sift
v,3,0.34033203125,sift
v,4,0.591552734375,sift
v,5,0.294189453125,sift
v,6,0.327392578125,sift
v,2,0.447998046875,sift
v,3,0.317626953125,sift
v,4,0.370849609375,sift
v,5,0.25634765625,sift
v,6,0.265625,sift
v,2,0.7021484375,sift
v,3,0.635498046875,sift
v,4,0.687255859375,sift
v,5,0.831298828125,sift
v,6,0.586669921875,sift
v,2,0.597412109375,sift
v,3,0.5498046875,sift
v,4,0.413818359375,sift
v,5,0.59375,sift
v,6,0.511474609375,sift
v,2,0.322265625,sift
v,3,0.434326171875,sift
v,4,0.4501953125,sift
v,5,0.2880859375,sift
v,6,0.239501953125,sift
v,2,0.45703125,sift
v,3,0.4599609375,sift
v,4,0.364990234375,sift
v,5,0.316162109375,sift
v,6,0.28759765625,sift
v,2,0.800537109375,sift
v,3,0.669189453125,sift
v,4,0.7021484375,sift
v,5,0.52099609375,sift
v,6,0.44091796875,sift
v,2,0.68603515625,sift
v,3,0.580322265625,sift
v,4,0.48388671875,sift
v,5,0.5703125,sift
v,6,0.31201171875,sift
v,2,0.653076171875,sift
v,3,0.700927734375,sift
v,4,0.394775390625,sift
v,5,0.570556640625,sift
v,6,0.313232421875,sift
v,2,0.6640625,sift
v,3,0.515380859375,sift
v,4,0.443359375,sift
v,5,0.302978515625,sift
v,6,0.293701171875,sift
v,2,0.54443359375,sift
v,3,0.489990234375,sift
v,4,0.328125,sift
v,5,0.4765625,sift
v,6,0.3642578125,sift
v,2,0.659912109375,sift
v,3,0.509033203125,sift
v,4,0.563720703125,sift
v,5,0.530517578125,sift
v,6,0.4677734375,sift
v,2,0.62109375,sift
v,3,0.461181640625,sift
v,4,0.6689453125,sift
v,5,0.51123046875,sift
v,6,0.701171875,sift
v,2,0.7578125,sift
v,3,0.699462890625,sift
v,4,0.590087890625,sift
v,5,0.498046875,sift
v,6,0.381103515625,sift
v,2,0.64501953125,sift
v,3,0.5302734375,sift
v,4,0.436767578125,sift
v,5,0.313232421875,sift
v,6,0.256591796875,sift
v,2,0.546875,sift
v,3,0.45166015625,sift
v,4,0.529052734375,sift
v,5,0.4384765625,sift
v,6,0.6123046875,sift
v,2,0.7509765625,sift
v,3,0.57177734375,sift
v,4,0.50537109375,sift
v,5,0.512451171875,sift
v,6,0.58740234375,sift
v,2,0.57373046875,sift
v,3,0.503662109375,sift
v,4,0.503173828125,sift
v,5,0.419677734375,sift
v,6,0.441162109375,sift
v,2,0.635986328125,sift
v,3,0.3955078125,sift
v,4,0.6904296875,sift
v,5,0.477294921875,sift
v,6,0.733642578125,sift
v,2,0.45556640625,sift
v,3,0.31982421875,sift
v,4,0.319580078125,sift
v,5,0.336181640625,sift
v,6,0.42236328125,sift
v,2,0.482177734375,sift
v,3,0.40869140625,sift
v,4,0.57763671875,sift
v,5,0.59912109375,sift
v,6,0.156494140625,sift
v,2,0.457763671875,sift
v,3,0.422607421875,sift
v,4,0.414794921875,sift
v,5,0.405517578125,sift
v,6,0.3955078125,sift
v,2,0.32568359375,sift
v,3,0.423583984375,sift
v,4,0.3974609375,sift
v,5,0.3427734375,sift
v,6,0.32080078125,sift
v,2,0.634521484375,sift
v,3,0.63671875,sift
v,4,0.594482421875,sift
v,5,0.63916015625,sift
v,6,0.60107421875,sift
v,2,0.44970703125,sift
v,3,0.361328125,sift
v,4,0.293212890625,sift
v,5,0.24169921875,sift
v,6,0.413330078125,sift
v,2,0.75537109375,sift
v,3,0.55078125,sift
v,4,0.504638671875,sift
v,5,0.48828125,sift
v,6,0.4443359375,sift
v,2,0.776611328125,sift
v,3,0.70361328125,sift
v,4,0.522216796875,sift
v,5,0.4482421875,sift
v,6,0.371826171875,sift
v,2,0.7138671875,sift
v,3,0.513427734375,sift
v,4,0.479248046875,sift
v,5,0.462646484375,sift
v,6,0.53076171875,sift
v,2,0.6279296875,sift
v,3,0.6064453125,sift
v,4,0.649658203125,sift
v,5,0.57568359375,sift
v,6,0.38818359375,sift
v,2,0.536376953125,sift
v,3,0.177490234375,sift
v,4,0.136962890625,sift
v,5,0.115966796875,sift
v,6,0.115478515625,sift
v,2,0.64013671875,sift
v,3,0.51318359375,sift
v,4,0.518798828125,sift
v,5,0.370849609375,sift
v,6,0.21337890625,sift
v,2,0.62255859375,sift
v,3,0.578125,sift
v,4,0.519287109375,sift
v,5,0.5908203125,sift
v,6,0.511474609375,sift
v,2,0.692626953125,sift
v,3,0.53759765625,sift
v,4,0.749267578125,sift
v,5,0.55712890625,sift
v,6,0.430908203125,sift
v,2,0.306396484375,sift
v,3,0.12158203125,sift
v,4,0.414794921875,sift
v,5,0.076416015625,sift
v,6,0.057373046875,sift
v,2,0.452392578125,sift
v,3,0.426025390625,sift
v,4,0.6708984375,sift
v,5,0.613525390625,sift
v,6,0.376953125,sift
v,2,0.702392578125,sift
v,3,0.626220703125,sift
v,4,0.52001953125,sift
v,5,0.7421875,sift
v,6,0.702880859375,sift
v,2,0.198974609375,sift
v,3,0.29296875,sift
v,4,0.203857421875,sift
v,5,0.13916015625,sift
v,6,0.28515625,sift
v,2,0.5615234375,sift
v,3,0.659423828125,sift
v,4,0.7353515625,sift
v,5,0.4765625,sift
v,6,0.358154296875,sift
v,2,0.51904296875,sift
v,3,0.418212890625,sift
v,4,0.16845703125,sift
v,5,0.397216796875,sift
v,6,0.21142578125,sift
v,2,0.52490234375,sift
v,3,0.28466796875,sift
v,4,0.500732421875,sift
v,5,0.38232421875,sift
v,6,0.29345703125,sift
v,2,0.568359375,sift
v,3,0.538818359375,sift
v,4,0.445556640625,sift
v,5,0.49853515625,sift
v,6,0.3974609375,sift
i,2,0.5945273631840796,siftSOS
i,3,0.2255758538522637,siftSOS
i,4,0.1202809482001756,siftSOS
i,5,0.125,siftSOS
i,6,0.11996418979409132,siftSOS
i,2,0.324462890625,siftSOS
i,3,0.180419921875,siftSOS
i,4,0.182373046875,siftSOS
i,5,0.21533203125,siftSOS
i,6,0.362548828125,siftSOS
i,2,0.5035211267605634,siftSOS
i,3,0.33998100664767333,siftSOS
i,4,0.30438521066208085,siftSOS
i,5,0.25864453665283543,siftSOS
i,6,0.23445945945945945,siftSOS
i,2,0.47734956051386074,siftSOS
i,3,0.5262965668371073,siftSOS
i,4,0.5522914218566393,siftSOS
i,5,0.6325042881646655,siftSOS
i,6,0.6286894923258559,siftSOS
i,2,0.5400390625,siftSOS
i,3,0.46435546875,siftSOS
i,4,0.47021484375,siftSOS
i,5,0.26220703125,siftSOS
i,6,0.2646484375,siftSOS
i,2,0.48974609375,siftSOS
i,3,0.43983402489626555,siftSOS
i,4,0.364901147180864,siftSOS
i,5,0.3056640625,siftSOS
i,6,0.04041666666666666,siftSOS
i,2,0.434814453125,siftSOS
i,3,0.298828125,siftSOS
i,4,0.20703125,siftSOS
i,5,0.245361328125,siftSOS
i,6,0.18603515625,siftSOS
i,2,0.3103011093502377,siftSOS
i,3,0.3988522238163558,siftSOS
i,4,0.2912234042553192,siftSOS
i,5,0.24646017699115044,siftSOS
i,6,0.3063583815028902,siftSOS
i,2,0.6381934216985763,siftSOS
i,3,0.634020618556701,siftSOS
i,4,0.6286205203730977,siftSOS
i,5,0.593996062992126,siftSOS
i,6,0.476215785277704,siftSOS
i,2,0.2782523797900903,siftSOS
i,3,0.3451305833536734,siftSOS
i,4,0.40907981449841346,siftSOS
i,5,0.514766902611667,siftSOS
i,6,0.27752013668537956,siftSOS
i,2,0.6279296875,siftSOS
i,3,0.240234375,siftSOS
i,4,0.244873046875,siftSOS
i,5,0.242919921875,siftSOS
i,6,0.3330078125,siftSOS
i,2,0.8146551724137931,siftSOS
i,3,0.7345544013121924,siftSOS
i,4,0.5937975068409851,siftSOS
i,5,0.4868901427149021,siftSOS
i,6,0.3105636431504293,siftSOS
i,2,0.5535211267605634,siftSOS
i,3,0.4292418772563177,siftSOS
i,4,0.26565008025682185,siftSOS
i,5,0.2142517814726841,siftSOS
i,6,0.24099855976956314,siftSOS
i,2,0.45745614035087717,siftSOS
i,3,0.32698094282848544,siftSOS
i,4,0.2682660850599782,siftSOS
i,5,0.21970554926387317,siftSOS
i,6,0.20186697782963828,siftSOS
i,2,0.8534080298786181,siftSOS
i,3,0.7984644913627639,siftSOS
i,4,0.7691579943235572,siftSOS
i,5,0.7137809187279152,siftSOS
i,6,0.7497733454215775,siftSOS
i,2,0.5644104803493449,siftSOS
i,3,0.5533407161314138,siftSOS
i,4,0.483739837398374,siftSOS
i,5,0.48980407836865253,siftSOS
i,6,0.5237003058103975,siftSOS
i,2,0.4012692213814987,siftSOS
i,3,0.43994140625,siftSOS
i,4,0.41015625,siftSOS
i,5,0.385986328125,siftSOS
i,6,0.34912109375,siftSOS
i,2,0.5074444715645594,siftSOS
i,3,0.5621186233829631,siftSOS
i,4,0.5785749145924841,siftSOS
i,5,0.5885797950219619,siftSOS
i,6,0.5235538198681963,siftSOS
i,2,0.407958984375,siftSOS
i,3,0.363525390625,siftSOS
i,4,0.309326171875,siftSOS
i,5,0.2705078125,siftSOS
i,6,0.2568359375,siftSOS
i,2,0.42236328125,siftSOS
i,3,0.46044921875,siftSOS
i,4,0.2705649157581764,siftSOS
i,5,0.2659537771645395,siftSOS
i,6,0.42138671875,siftSOS
i,2,0.6992892290869327,siftSOS
i,3,0.5083237657864523,siftSOS
i,4,0.38323353293413176,siftSOS
i,5,0.494175888177053,siftSOS
i,6,0.3594147582697201,siftSOS
i,2,0.669189453125,siftSOS
i,3,0.5712890625,siftSOS
i,4,0.536376953125,siftSOS
i,5,0.49365234375,siftSOS
i,6,0.45263671875,siftSOS
i,2,0.5911111111111111,siftSOS
i,3,0.5126436781609195,siftSOS
i,4,0.4141215106732348,siftSOS
i,5,0.30738916256157633,siftSOS
i,6,0.17602627257799672,siftSOS
i,2,0.37584193982936687,siftSOS
i,3,0.4088586030664395,siftSOS
i,4,0.287977632805219,siftSOS
i,5,0.3029861616897305,siftSOS
i,6,0.40313778990450205,siftSOS
i,2,0.513427734375,siftSOS
i,3,0.481689453125,siftSOS
i,4,0.6265560165975104,siftSOS
i,5,0.62255859375,siftSOS
i,6,0.5498046875,siftSOS
i,2,0.234619140625,siftSOS
i,3,0.371337890625,siftSOS
i,4,0.312255859375,siftSOS
i,5,0.166463265804247,siftSOS
i,6,0.210205078125,siftSOS
i,2,0.7075428042572883,siftSOS
i,3,0.5980392156862745,siftSOS
i,4,0.38749302065884983,siftSOS
i,5,0.5881270133456051,siftSOS
i,6,0.5476073014306857,siftSOS
i,2,0.7021484375,siftSOS
i,3,0.518310546875,siftSOS
i,4,0.328369140625,siftSOS
i,5,0.1832176275279203,siftSOS
i,6,0.56201171875,siftSOS
i,2,0.535335153169548,siftSOS
i,3,0.5535168195718655,siftSOS
i,4,0.598404255319149,siftSOS
i,5,0.5414937759336099,siftSOS
i,6,0.45037531276063386,siftSOS
i,2,0.394775390625,siftSOS
i,3,0.44349524041981936,siftSOS
i,4,0.19091796875,siftSOS
i,5,0.45654296875,siftSOS
i,6,0.4052734375,siftSOS
i,2,0.40154015401540155,siftSOS
i,3,0.2874186550976139,siftSOS
i,4,0.21170731707317073,siftSOS
i,5,0.17068466730954676,siftSOS
i,6,0.16449348044132397,siftSOS
i,2,0.4853515625,siftSOS
i,3,0.43212890625,siftSOS
i,4,0.34716796875,siftSOS
i,5,0.374267578125,siftSOS
i,6,0.576904296875,siftSOS
i,2,0.5022670025188917,siftSOS
i,3,0.42238599723629666,siftSOS
i,4,0.4225983076157292,siftSOS
i,5,0.29498164014687883,siftSOS
i,6,0.3412863070539419,siftSOS
i,2,0.8112189859762675,siftSOS
i,3,0.7158252977878616,siftSOS
i,4,0.6635238656452563,siftSOS
i,5,0.6248477466504263,siftSOS
i,6,0.5678704856787049,siftSOS
i,2,0.5589142504626774,siftSOS
i,3,0.45064187693669766,siftSOS
i,4,0.48938992042440316,siftSOS
i,5,0.5498817966903073,siftSOS
i,6,0.5231822971549,siftSOS
i,2,0.08221302998965874,siftSOS
i,3,0.05162320383182544,siftSOS
i,4,0.052904564315352696,siftSOS
i,5,0.05870020964360587,siftSOS
i,6,0.06190476190476191,siftSOS
i,2,0.4824524312896406,siftSOS
i,3,0.5275080906148867,siftSOS
i,4,0.4246115077698446,siftSOS
i,5,0.32314629258517036,siftSOS
i,6,0.2899390243902439,siftSOS
i,2,0.41274103002196727,siftSOS
i,3,0.6145960458872346,siftSOS
i,4,0.5984866975835977,siftSOS
i,5,0.3850658857979502,siftSOS
i,6,0.491091042226019,siftSOS
i,2,0.7054660810151293,siftSOS
i,3,0.5169553549646255,siftSOS
i,4,0.37481698389458273,siftSOS
i,5,0.5858955588091752,siftSOS
i,6,0.4535252500609905,siftSOS
i,2,0.472412109375,siftSOS
i,3,0.42396875762753233,siftSOS
i,4,0.244384765625,siftSOS
i,5,0.43592872833780816,siftSOS
i,6,0.324462890625,siftSOS
i,2,0.5427429274292743,siftSOS
i,3,0.5818803418803419,siftSOS
i,4,0.4094903339191564,siftSOS
i,5,0.4944649446494465,siftSOS
i,6,0.4209650582362729,siftSOS
i,2,0.564208984375,siftSOS
i,3,0.502197265625,siftSOS
i,4,0.4833984375,siftSOS
i,5,0.4432762836185819,siftSOS
i,6,0.4194386694386694,siftSOS
i,2,0.600341796875,siftSOS
i,3,0.5884793751525507,siftSOS
i,4,0.5621186233829631,siftSOS
i,5,0.530517578125,siftSOS
i,6,0.4560546875,siftSOS
i,2,0.5052063247204011,siftSOS
i,3,0.602320335159523,siftSOS
i,4,0.5229080932784637,siftSOS
i,5,0.28771256171146464,siftSOS
i,6,0.4101508916323731,siftSOS
i,2,0.4853515625,siftSOS
i,3,0.43212890625,siftSOS
i,4,0.34716796875,siftSOS
i,5,0.374267578125,siftSOS
i,6,0.576904296875,siftSOS
i,2,0.284423828125,siftSOS
i,3,0.27542010823127316,siftSOS
i,4,0.238037109375,siftSOS
i,5,0.33837890625,siftSOS
i,6,0.23095703125,siftSOS
i,2,0.7568013190436933,siftSOS
i,3,0.6932395466979289,siftSOS
i,4,0.6112852664576802,siftSOS
i,5,0.5672671521655807,siftSOS
i,6,0.5109745390693591,siftSOS
i,2,0.4284369114877589,siftSOS
i,3,0.32827004219409284,siftSOS
i,4,0.5927710843373494,siftSOS
i,5,0.3300395256916996,siftSOS
i,6,0.5094850948509485,siftSOS
i,2,0.7075909201855016,siftSOS
i,3,0.5550402733707591,siftSOS
i,4,0.5948254820600439,siftSOS
i,5,0.4515499145716378,siftSOS
i,6,0.41874084919472915,siftSOS
i,2,0.3274685816876122,siftSOS
i,3,0.3462875197472354,siftSOS
i,4,0.3337792642140468,siftSOS
i,5,0.4722698684962836,siftSOS
i,6,0.3383177570093458,siftSOS
i,2,0.729248046875,siftSOS
i,3,0.5237979009030999,siftSOS
i,4,0.360107421875,siftSOS
i,5,0.5113497681230168,siftSOS
i,6,0.41357421875,siftSOS
i,2,0.546630859375,siftSOS
i,3,0.346435546875,siftSOS
i,4,0.344482421875,siftSOS
i,5,0.26953125,siftSOS
i,6,0.2055876100819921,siftSOS
v,2,0.550048828125,siftSOS
v,3,0.5029296875,siftSOS
v,4,0.30029296875,siftSOS
v,5,0.425048828125,siftSOS
v,6,0.297607421875,siftSOS
v,2,0.644114921223355,siftSOS
v,3,0.5414480587618048,siftSOS
v,4,0.43071965628356607,siftSOS
v,5,0.5630252100840336,siftSOS
v,6,0.5177610333692142,siftSOS
v,2,0.7188186477910666,siftSOS
v,3,0.626220703125,siftSOS
v,4,0.5159873077861851,siftSOS
v,5,0.503173828125,siftSOS
v,6,0.499267578125,siftSOS
v,2,0.54150390625,siftSOS
v,3,0.376220703125,siftSOS
v,4,0.640380859375,siftSOS
v,5,0.43031486453502565,siftSOS
v,6,0.277587890625,siftSOS
v,2,0.369873046875,siftSOS
v,3,0.265380859375,siftSOS
v,4,0.23583984375,siftSOS
v,5,0.2109375,siftSOS
v,6,0.140380859375,siftSOS
v,2,0.632568359375,siftSOS
v,3,0.701904296875,siftSOS
v,4,0.647546985599219,siftSOS
v,5,0.39111328125,siftSOS
v,6,0.478271484375,siftSOS
v,2,0.3881717202041429,siftSOS
v,3,0.3415612465288491,siftSOS
v,4,0.49578567128236,siftSOS
v,5,0.2993053458169737,siftSOS
v,6,0.4516832917705736,siftSOS
v,2,0.533447265625,siftSOS
v,3,0.47900390625,siftSOS
v,4,0.5322265625,siftSOS
v,5,0.4130859375,siftSOS
v,6,0.407958984375,siftSOS
v,2,0.5787161337564072,siftSOS
v,3,0.5482060043934587,siftSOS
v,4,0.5031722791605662,siftSOS
v,5,0.43007078350012207,siftSOS
v,6,0.24603368318281668,siftSOS
v,2,0.08544921875,siftSOS
v,3,0.17578125,siftSOS
v,4,0.25732421875,siftSOS
v,5,0.423095703125,siftSOS
v,6,0.19580078125,siftSOS
v,2,0.525634765625,siftSOS
v,3,0.392822265625,siftSOS
v,4,0.44482421875,siftSOS
v,5,0.3002196729314132,siftSOS
v,6,0.218017578125,siftSOS
v,2,0.6243592872833781,siftSOS
v,3,0.5766227428013665,siftSOS
v,4,0.5274591164266537,siftSOS
v,5,0.4925555284354406,siftSOS
v,6,0.48816206980717597,siftSOS
v,2,0.65478515625,siftSOS
v,3,0.61083984375,siftSOS
v,4,0.478271484375,siftSOS
v,5,0.413330078125,siftSOS
v,6,0.294677734375,siftSOS
v,2,0.65185546875,siftSOS
v,3,0.524169921875,siftSOS
v,4,0.557861328125,siftSOS
v,5,0.5587014888943129,siftSOS
v,6,0.626953125,siftSOS
v,2,0.53125,siftSOS
v,3,0.6455943373199903,siftSOS
v,4,0.4072265625,siftSOS
v,5,0.46826171875,siftSOS
v,6,0.3603515625,siftSOS
v,2,0.50390625,siftSOS
v,3,0.32080078125,siftSOS
v,4,0.5069563094947522,siftSOS
v,5,0.3095703125,siftSOS
v,6,0.31779350744447155,siftSOS
v,2,0.35855504027337076,siftSOS
v,3,0.235107421875,siftSOS
v,4,0.267333984375,siftSOS
v,5,0.1953125,siftSOS
v,6,0.176025390625,siftSOS
v,2,0.56787109375,siftSOS
v,3,0.475830078125,siftSOS
v,4,0.506103515625,siftSOS
v,5,0.7197265625,siftSOS
v,6,0.39111328125,siftSOS
v,2,0.6103515625,siftSOS
v,3,0.4501953125,siftSOS
v,4,0.3486328125,siftSOS
v,5,0.509033203125,siftSOS
v,6,0.396728515625,siftSOS
v,2,0.3434220161093483,siftSOS
v,3,0.41943359375,siftSOS
v,4,0.376708984375,siftSOS
v,5,0.30029296875,siftSOS
v,6,0.259033203125,siftSOS
v,2,0.41437125748502995,siftSOS
v,3,0.3690176322418136,siftSOS
v,4,0.13385826771653545,siftSOS
v,5,0.1386861313868613,siftSOS
v,6,0.04904632152588556,siftSOS
v,2,0.7276055650475958,siftSOS
v,3,0.5691969733951672,siftSOS
v,4,0.6128874786429095,siftSOS
v,5,0.392630551488531,siftSOS
v,6,0.30851842811813524,siftSOS
v,2,0.5972662924090798,siftSOS
v,3,0.4427629973151086,siftSOS
v,4,0.3707590920185502,siftSOS
v,5,0.49938979741274103,siftSOS
v,6,0.23114474005369784,siftSOS
v,2,0.4998198198198198,siftSOS
v,3,0.5403768506056528,siftSOS
v,4,0.27925801011804385,siftSOS
v,5,0.4449760765550239,siftSOS
v,6,0.238166231830041,siftSOS
v,2,0.5652916768367098,siftSOS
v,3,0.4691237490846961,siftSOS
v,4,0.39956065413717357,siftSOS
v,5,0.32291920917744693,siftSOS
v,6,0.3090065901879424,siftSOS
v,2,0.483642578125,siftSOS
v,3,0.514892578125,siftSOS
v,4,0.3857421875,siftSOS
v,5,0.494384765625,siftSOS
v,6,0.3922382230900659,siftSOS
v,2,0.5947265625,siftSOS
v,3,0.4139614351964852,siftSOS
v,4,0.508544921875,siftSOS
v,5,0.447998046875,siftSOS
v,6,0.37466438857700757,siftSOS
v,2,0.5166015625,siftSOS
v,3,0.325439453125,siftSOS
v,4,0.592041015625,siftSOS
v,5,0.39208984375,siftSOS
v,6,0.620361328125,siftSOS
v,2,0.703369140625,siftSOS
v,3,0.637939453125,siftSOS
v,4,0.5224609375,siftSOS
v,5,0.435791015625,siftSOS
v,6,0.279541015625,siftSOS
v,2,0.50634765625,siftSOS
v,3,0.424072265625,siftSOS
v,4,0.291748046875,siftSOS
v,5,0.2080078125,siftSOS
v,6,0.1689040761532829,siftSOS
v,2,0.551025390625,siftSOS
v,3,0.4002928972418843,siftSOS
v,4,0.551025390625,siftSOS
v,5,0.339599609375,siftSOS
v,6,0.606689453125,siftSOS
v,2,0.768836648583484,siftSOS
v,3,0.6301089918256131,siftSOS
v,4,0.5639575971731449,siftSOS
v,5,0.5558649495301079,siftSOS
v,6,0.6574103971585405,siftSOS
v,2,0.5137905784720527,siftSOS
v,3,0.5208689284842568,siftSOS
v,4,0.4776665853063217,siftSOS
v,5,0.5169636319257994,siftSOS
v,6,0.4569196973395167,siftSOS
v,2,0.536865234375,siftSOS
v,3,0.3349609375,siftSOS
v,4,0.5458984375,siftSOS
v,5,0.39892578125,siftSOS
v,6,0.598876953125,siftSOS
v,2,0.46253356114229927,siftSOS
v,3,0.31193556260678545,siftSOS
v,4,0.3360995850622407,siftSOS
v,5,0.3512609366958312,siftSOS
v,6,0.40712716621918477,siftSOS
v,2,0.40370058873002523,siftSOS
v,3,0.39350282485875704,siftSOS
v,4,0.4476446180131804,siftSOS
v,5,0.47900390625,siftSOS
v,6,0.086181640625,siftSOS
v,2,0.46533203125,siftSOS
v,3,0.46142578125,siftSOS
v,4,0.523681640625,siftSOS
v,5,0.428466796875,siftSOS
v,6,0.3955078125,siftSOS
v,2,0.3885770075665121,siftSOS
v,3,0.422992433487918,siftSOS
v,4,0.39687576275323405,siftSOS
v,5,0.3312179643641689,siftSOS
v,6,0.32584818159629,siftSOS
v,2,0.58740234375,siftSOS
v,3,0.5908203125,siftSOS
v,4,0.5390625,siftSOS
v,5,0.561279296875,siftSOS
v,6,0.501953125,siftSOS
v,2,0.4763636363636364,siftSOS
v,3,0.33844842284739984,siftSOS
v,4,0.2797153024911032,siftSOS
v,5,0.1864594894561598,siftSOS
v,6,0.27579519006982156,siftSOS
v,2,0.744140625,siftSOS
v,3,0.583251953125,siftSOS
v,4,0.517822265625,siftSOS
v,5,0.49743714913351234,siftSOS
v,6,0.462646484375,siftSOS
v,2,0.7180864046863559,siftSOS
v,3,0.5979985355137906,siftSOS
v,4,0.4075158613958028,siftSOS
v,5,0.3613958028306491,siftSOS
v,6,0.2970466194776666,siftSOS
v,2,0.5665120820112277,siftSOS
v,3,0.460205078125,siftSOS
v,4,0.392822265625,siftSOS
v,5,0.40478515625,siftSOS
v,6,0.4151818403710032,siftSOS
v,2,0.5511332227750139,siftSOS
v,3,0.5198467013413632,siftSOS
v,4,0.5140487021675141,siftSOS
v,5,0.47429604753293725,siftSOS
v,6,0.3442357512953368,siftSOS
v,2,0.4244604316546763,siftSOS
v,3,0.09914275065225493,siftSOS
v,4,0.0734252702199031,siftSOS
v,5,0.06038017144986955,siftSOS
v,6,0.06222056631892697,siftSOS
v,2,0.7466438857700757,siftSOS
v,3,0.5723700268489138,siftSOS
v,4,0.3616398243045388,siftSOS
v,5,0.24601307189542485,siftSOS
v,6,0.20550351288056207,siftSOS
v,2,0.7075909201855016,siftSOS
v,3,0.545166015625,siftSOS
v,4,0.429931640625,siftSOS
v,5,0.5927734375,siftSOS
v,6,0.472900390625,siftSOS
v,2,0.5435967302452316,siftSOS
v,3,0.4009771986970684,siftSOS
v,4,0.6479308214947499,siftSOS
v,5,0.45782431646305993,siftSOS
v,6,0.308546744831842,siftSOS
v,2,0.333984375,siftSOS
v,3,0.1044921875,siftSOS
v,4,0.264404296875,siftSOS
v,5,0.046863558701488894,siftSOS
v,6,0.04710763973639248,siftSOS
v,2,0.414794921875,siftSOS
v,3,0.36181640625,siftSOS
v,4,0.6580424701000732,siftSOS
v,5,0.56689453125,siftSOS
v,6,0.337890625,siftSOS
v,2,0.63232421875,siftSOS
v,3,0.54931640625,siftSOS
v,4,0.51953125,siftSOS
v,5,0.62646484375,siftSOS
v,6,0.582377349279961,siftSOS
v,2,0.23021949974476774,siftSOS
v,3,0.17023991832567636,siftSOS
v,4,0.1812149055640633,siftSOS
v,5,0.1411434405308831,siftSOS
v,6,0.22460438999489535,siftSOS
v,2,0.49609375,siftSOS
v,3,0.556260678545277,siftSOS
v,4,0.626220703125,siftSOS
v,5,0.41845703125,siftSOS
v,6,0.2978515625,siftSOS
v,2,0.361972174762021,siftSOS
v,3,0.3685623627044179,siftSOS
v,4,0.1559984668455347,siftSOS
v,5,0.3287143956889915,siftSOS
v,6,0.19547392587733683,siftSOS
v,2,0.38916015625,siftSOS
v,3,0.21649987795948256,siftSOS
v,4,0.3685623627044179,siftSOS
v,5,0.291259765625,siftSOS
v,6,0.231689453125,siftSOS
v,2,0.3230186296179349,siftSOS
v,3,0.4265232974910394,siftSOS
v,4,0.3059663437021928,siftSOS
v,5,0.34019292604501605,siftSOS
v,6,0.221419185282523,siftSOS
